BEGIN TRANSACTION;
CREATE TABLE "schema_migrations" ("version" text NOT NULL);
INSERT INTO "schema_migrations" VALUES('20130930002334');
INSERT INTO "schema_migrations" VALUES('20131001014008');
INSERT INTO "schema_migrations" VALUES('20131001015248');
INSERT INTO "schema_migrations" VALUES('20131001022606');
INSERT INTO "schema_migrations" VALUES('20131001082348');
INSERT INTO "schema_migrations" VALUES('20131002102418');
INSERT INTO "schema_migrations" VALUES('20131008002546');
INSERT INTO "schema_migrations" VALUES('20131008230951');
INSERT INTO "schema_migrations" VALUES('20131008231931');
INSERT INTO "schema_migrations" VALUES('20131009011921');
INSERT INTO "schema_migrations" VALUES('20131009013111');
INSERT INTO "schema_migrations" VALUES('20131009014137');
INSERT INTO "schema_migrations" VALUES('20131228121338');
INSERT INTO "schema_migrations" VALUES('20140115014616');
INSERT INTO "schema_migrations" VALUES('20140115015347');
INSERT INTO "schema_migrations" VALUES('20140115015419');
INSERT INTO "schema_migrations" VALUES('20140207191542');
INSERT INTO "schema_migrations" VALUES('20140207214114');
INSERT INTO "schema_migrations" VALUES('20140207214829');
INSERT INTO "schema_migrations" VALUES('20140207215010');
INSERT INTO "schema_migrations" VALUES('20140207220143');
INSERT INTO "schema_migrations" VALUES('20140207220252');
INSERT INTO "schema_migrations" VALUES('20140207233830');
INSERT INTO "schema_migrations" VALUES('20140208025459');
INSERT INTO "schema_migrations" VALUES('20140208025546');
INSERT INTO "schema_migrations" VALUES('20140208030010');
INSERT INTO "schema_migrations" VALUES('20140208030043');
INSERT INTO "schema_migrations" VALUES('20140208190800');
INSERT INTO "schema_migrations" VALUES('20140208190818');
INSERT INTO "schema_migrations" VALUES('20140208192104');
INSERT INTO "schema_migrations" VALUES('20140208192115');
INSERT INTO "schema_migrations" VALUES('20140211024643');
INSERT INTO "schema_migrations" VALUES('20140211033544');
INSERT INTO "schema_migrations" VALUES('20140325082157');
INSERT INTO "schema_migrations" VALUES('20140325082237');
INSERT INTO "schema_migrations" VALUES('20140325082308');
INSERT INTO "schema_migrations" VALUES('20140325082356');
INSERT INTO "schema_migrations" VALUES('20140325083201');
INSERT INTO "schema_migrations" VALUES('20140325083252');
INSERT INTO "schema_migrations" VALUES('20140325083328');
INSERT INTO "schema_migrations" VALUES('20140325083518');
INSERT INTO "schema_migrations" VALUES('20140518120441');
INSERT INTO "schema_migrations" VALUES('20140521230105');
CREATE TABLE "users" ("id" SERIAL PRIMARY KEY NOT NULL, "email" text DEFAULT '' NOT NULL, "encrypted_password" text DEFAULT '' NOT NULL, "reset_password_token" text, "reset_password_sent_at" timestamp, "remember_created_at" timestamp, "sign_in_count" integer DEFAULT 0, "current_sign_in_at" timestamp, "last_sign_in_at" timestamp, "current_sign_in_ip" text, "last_sign_in_ip" text, "created_at" timestamp NOT NULL, "updated_at" timestamp NOT NULL, "name" text, "admin" boolean, "refresh_token" text, "access_token" text, "expires" text, "google_uid" text);
INSERT INTO "users" VALUES(1,'user-1@example.com','$2a$10$tnoFm0bK3L8bAovUQSGrmuOVdFXazFSogosOL7lnaVTOjRQShzx.a',NULL,NULL,NULL,1,'2014-02-10 02:36:10.277265','2014-02-10 02:36:10.277265','127.0.0.1','127.0.0.1','2014-01-15 01:48:39.877738','2014-02-10 02:36:10.278236','Miss Ryleigh Kilback',NULL,NULL,NULL,NULL,NULL);
INSERT INTO "users" VALUES(2,'user-2@example.com','$2a$10$6Q1nXR/9PVcK8HelYAXJuuW1b2ShXbwZoFiKiMjtPPsJkV7qssBWe',NULL,NULL,NULL,0,NULL,NULL,NULL,NULL,'2014-01-15 01:48:40.000928','2014-01-15 01:48:40.000928','Francisca Bergnaum III',NULL,NULL,NULL,NULL,NULL);
INSERT INTO "users" VALUES(3,'user-3@example.com','$2a$10$WAyWWRxQtgsewBVpEFyRN.YyJ7oMNcNFvqCVjMtENdwX3/D4Y/lTW',NULL,NULL,NULL,0,NULL,NULL,NULL,NULL,'2014-01-15 01:48:40.121619','2014-01-15 01:48:40.121619','Scotty Bins',NULL,NULL,NULL,NULL,NULL);
INSERT INTO "users" VALUES(4,'user-4@example.com','$2a$10$1QK2scSPGwj0Bhb8404Y2e10he4UkSw/9rZDu/xR9UyMUVnO04R9O',NULL,NULL,NULL,0,NULL,NULL,NULL,NULL,'2014-01-15 01:48:40.237749','2014-01-15 01:48:40.237749','Hertha Schneider',NULL,NULL,NULL,NULL,NULL);
INSERT INTO "users" VALUES(5,'user-5@example.com','$2a$10$9uUhEj.ycfthX1Q/tOmNZOcllvx5dO7g1yxPdDBJlPi/Ks1mHYs4u',NULL,NULL,NULL,0,NULL,NULL,NULL,NULL,'2014-01-15 01:48:40.356524','2014-01-15 01:48:40.356524','Raphaelle Schaden',NULL,NULL,NULL,NULL,NULL);
INSERT INTO "users" VALUES(6,'user-6@example.com','$2a$10$4Fb7zzEhTYEs5fkeYPn2TOsbTWA2tFmTQo8pjZPoXNfHYBFYuTWha',NULL,NULL,NULL,0,NULL,NULL,NULL,NULL,'2014-01-15 01:48:40.514906','2014-01-15 01:48:40.514906','Ara DuBuque',NULL,NULL,NULL,NULL,NULL);
INSERT INTO "users" VALUES(7,'user-7@example.com','$2a$10$kgbMH2heSse4KGlJPObLreJ9Yo/OLMS9V5qaml49N/J.3QlyHzFA.',NULL,NULL,NULL,0,NULL,NULL,NULL,NULL,'2014-01-15 01:48:40.649793','2014-01-15 01:48:40.649793','Dr. Manuel Wuckert',NULL,NULL,NULL,NULL,NULL);
INSERT INTO "users" VALUES(8,'user-8@example.com','$2a$10$8qBKHB4jaOBS40KtpwsTvel.qyoeN/tvt3Vqz4aU8oB5bsGyo9ys.',NULL,NULL,NULL,0,NULL,NULL,NULL,NULL,'2014-01-15 01:48:40.876088','2014-01-15 01:48:40.876088','Arnoldo Schulist',NULL,NULL,NULL,NULL,NULL);
INSERT INTO "users" VALUES(9,'user-9@example.com','$2a$10$eeUO35A1R4LvGmMBy9aS/e27/o3Qq6RptRp6dXfBwD8URUX0LRh72',NULL,NULL,NULL,0,NULL,NULL,NULL,NULL,'2014-01-15 01:48:40.995976','2014-01-15 01:48:40.995976','Gladys Bruen',NULL,NULL,NULL,NULL,NULL);
INSERT INTO "users" VALUES(10,'user-10@example.com','$2a$10$BuVjJrtu6pFNpoG9Y2HUie6.CjKXsvel.M5.KL4eals0hNGNJj.9q',NULL,NULL,NULL,4,'2014-02-13 04:44:37.474959','2014-02-12 02:31:29.375593','127.0.0.1','127.0.0.1','2014-01-15 01:48:41.114441','2014-02-13 04:44:37.476347','Alberta Ebert',NULL,NULL,NULL,NULL,NULL);
INSERT INTO "users" VALUES(11,'nickm6980@gmail.com','$2a$10$ByZFHEoazvArLLs9fa2yoeMMiq2YbufNr18IqfHm9CHW32J1WH2la','52fab3b3ded9c2db80f5d6d67b469f7127867b5556d011407412d5cb41121300','2014-05-26 13:28:07.593937',NULL,51,'2014-06-23 23:21:53.354639','2014-06-23 23:17:47.849512','127.0.0.1','127.0.0.1','2014-01-15 01:50:34.647003','2014-06-23 23:21:53.355684','Nick Miller',NULL,NULL,NULL,NULL,NULL);
INSERT INTO "users" VALUES(14,'nicholas.raymond.miller@gmail.com','$2a$10$TJ5iSf3n3RmH9Jd/pr4f0.UGFwALU4qrqC7sCGGwTYGuyYedWvZ8u','78ae47e8201cd3eeb6b68d35f5669b37f7fcdd1809e28f0b4229306021366c81','2014-05-23 01:41:09.095337',NULL,1,'2014-05-23 01:36:51.803996','2014-05-23 01:36:51.803996','127.0.0.1','127.0.0.1','2014-05-23 01:36:51.796086','2014-05-23 01:41:09.095990','',NULL,NULL,NULL,NULL,NULL);
INSERT INTO "users" VALUES(15,'nick@quittersu.com','$2a$10$KrxU2vqGmEVbuQsHcd6s2uyEorcVORtFsHWKYPC0OwSFn/lUPs.Cm',NULL,NULL,NULL,1,'2014-05-23 10:37:05.384079','2014-05-23 10:37:05.384079','127.0.0.1','127.0.0.1','2014-05-23 10:37:05.299448','2014-05-23 10:37:05.384962','nick',NULL,NULL,NULL,NULL,NULL);
CREATE TABLE "pins" ("id" SERIAL PRIMARY KEY NOT NULL, "description" text, "created_at" timestamp NOT NULL, "updated_at" timestamp NOT NULL, "user_id" integer, "image_file_name" text, "image_content_type" text, "image_file_size" integer, "image_updated_at" timestamp, "image_remote_url" text, "cost" float, "hours" integer, "pin_heading" text);
INSERT INTO "pins" VALUES(3,'incredible','2014-01-15 01:48:45.666670','2014-01-15 01:48:45.666670',1,'photo-17.JPG','image/jpeg',1871165,'2014-01-15 01:48:43.977764',NULL,NULL,NULL,NULL);
INSERT INTO "pins" VALUES(4,'crazy','2014-01-15 01:48:47.528354','2014-01-15 01:48:47.528354',1,'photo-12.JPG','image/jpeg',2301253,'2014-01-15 01:48:45.804004',NULL,NULL,NULL,NULL);
INSERT INTO "pins" VALUES(5,'crazy','2014-01-15 01:48:49.312456','2014-01-15 01:48:49.312456',1,'photo-14.JPG','image/jpeg',2371327,'2014-01-15 01:48:47.617315',NULL,NULL,NULL,NULL);
INSERT INTO "pins" VALUES(6,'incredible','2014-01-15 01:48:49.661206','2014-01-15 01:48:49.661206',1,'photo-20.JPG','image/jpeg',91018,'2014-01-15 01:48:49.343369',NULL,NULL,NULL,NULL);
INSERT INTO "pins" VALUES(7,'awesome','2014-01-15 01:48:51.405937','2014-01-15 01:48:51.405937',1,'photo-13.JPG','image/jpeg',2179990,'2014-01-15 01:48:49.705242',NULL,NULL,NULL,NULL);
INSERT INTO "pins" VALUES(8,'awesome','2014-01-15 01:48:52.047833','2014-01-15 01:48:52.047833',1,'photo-18.JPG','image/jpeg',740562,'2014-01-15 01:48:51.451125',NULL,NULL,NULL,NULL);
INSERT INTO "pins" VALUES(9,'adorbs','2014-01-15 01:48:54.084688','2014-01-15 01:48:54.084688',1,'photo-13.JPG','image/jpeg',2179990,'2014-01-15 01:48:52.086957',NULL,NULL,NULL,NULL);
INSERT INTO "pins" VALUES(10,'cool','2014-01-15 01:48:56.678713','2014-01-15 01:48:56.678713',1,'photo-16.JPG','image/jpeg',1455794,'2014-01-15 01:48:54.126426',NULL,NULL,NULL,NULL);
INSERT INTO "pins" VALUES(11,'incredible','2014-01-15 01:48:57.506104','2014-01-15 01:48:57.506104',2,'photo-11.JPG','image/jpeg',675840,'2014-01-15 01:48:56.734747',NULL,NULL,NULL,NULL);
INSERT INTO "pins" VALUES(12,'cool','2014-01-15 01:48:59.726707','2014-01-15 01:48:59.726707',2,'photo-17.JPG','image/jpeg',1871165,'2014-01-15 01:48:57.636415',NULL,NULL,NULL,NULL);
INSERT INTO "pins" VALUES(13,'cool','2014-01-15 01:49:02.138990','2014-01-15 01:49:02.138990',2,'photo-14.JPG','image/jpeg',2371327,'2014-01-15 01:48:59.770613',NULL,NULL,NULL,NULL);
INSERT INTO "pins" VALUES(14,'incredible','2014-01-15 01:49:04.657791','2014-01-15 01:49:04.657791',2,'photo-13.JPG','image/jpeg',2179990,'2014-01-15 01:49:02.201152',NULL,NULL,NULL,NULL);
INSERT INTO "pins" VALUES(15,'awesome','2014-01-15 01:49:06.520269','2014-01-15 01:49:06.520269',2,'photo-15.JPG','image/jpeg',2391846,'2014-01-15 01:49:04.709349',NULL,NULL,NULL,NULL);
INSERT INTO "pins" VALUES(16,'cool','2014-01-15 01:49:09.862891','2014-01-15 01:49:09.862891',2,'photo-12.JPG','image/jpeg',2301253,'2014-01-15 01:49:06.586894',NULL,NULL,NULL,NULL);
INSERT INTO "pins" VALUES(17,'awesome','2014-01-15 01:49:10.498786','2014-01-15 01:49:10.498786',2,'photo-20.JPG','image/jpeg',91018,'2014-01-15 01:49:09.987524',NULL,NULL,NULL,NULL);
INSERT INTO "pins" VALUES(18,'adorbs','2014-01-15 01:49:11.000342','2014-01-15 01:49:11.000342',2,'photo-19.JPG','image/jpeg',102273,'2014-01-15 01:49:10.591059',NULL,NULL,NULL,NULL);
INSERT INTO "pins" VALUES(19,'awesome','2014-01-15 01:49:11.503725','2014-01-15 01:49:11.503725',2,'photo-19.JPG','image/jpeg',102273,'2014-01-15 01:49:11.083000',NULL,NULL,NULL,NULL);
INSERT INTO "pins" VALUES(20,'wow','2014-01-15 01:49:12.290046','2014-01-15 01:49:12.290046',2,'photo-11.JPG','image/jpeg',675840,'2014-01-15 01:49:11.562253',NULL,NULL,NULL,NULL);
INSERT INTO "pins" VALUES(21,'incredible','2014-01-15 01:49:15.215196','2014-01-15 01:49:15.215196',3,'photo-13.JPG','image/jpeg',2179990,'2014-01-15 01:49:12.342392',NULL,NULL,NULL,NULL);
INSERT INTO "pins" VALUES(22,'crazy','2014-01-15 01:49:16.174993','2014-01-15 01:49:16.174993',3,'photo-18.JPG','image/jpeg',740562,'2014-01-15 01:49:15.405876',NULL,NULL,NULL,NULL);
INSERT INTO "pins" VALUES(23,'crazy','2014-01-15 01:49:18.087288','2014-01-15 01:49:18.087288',3,'photo-17.JPG','image/jpeg',1871165,'2014-01-15 01:49:16.314327',NULL,NULL,NULL,NULL);
INSERT INTO "pins" VALUES(24,'adorbs','2014-01-15 01:49:19.867758','2014-01-15 01:49:19.867758',3,'photo-12.JPG','image/jpeg',2301253,'2014-01-15 01:49:18.174239',NULL,NULL,NULL,NULL);
INSERT INTO "pins" VALUES(25,'awesome','2014-01-15 01:49:21.576002','2014-01-15 01:49:21.576002',3,'photo-17.JPG','image/jpeg',1871165,'2014-01-15 01:49:19.916086',NULL,NULL,NULL,NULL);
INSERT INTO "pins" VALUES(26,'crazy','2014-01-15 01:49:23.333743','2014-01-15 01:49:23.333743',3,'photo-12.JPG','image/jpeg',2301253,'2014-01-15 01:49:21.610520',NULL,NULL,NULL,NULL);
INSERT INTO "pins" VALUES(27,'cool','2014-01-15 01:49:23.680271','2014-01-15 01:49:23.680271',3,'photo-19.JPG','image/jpeg',102273,'2014-01-15 01:49:23.435917',NULL,NULL,NULL,NULL);
INSERT INTO "pins" VALUES(28,'adorbs','2014-01-15 01:49:24.310657','2014-01-15 01:49:24.310657',3,'photo-18.JPG','image/jpeg',740562,'2014-01-15 01:49:23.717643',NULL,NULL,NULL,NULL);
INSERT INTO "pins" VALUES(29,'wow','2014-01-15 01:49:26.184740','2014-01-15 01:49:26.184740',3,'photo-13.JPG','image/jpeg',2179990,'2014-01-15 01:49:24.350325',NULL,NULL,NULL,NULL);
INSERT INTO "pins" VALUES(30,'cool','2014-01-15 01:49:28.101987','2014-01-15 01:49:28.101987',3,'photo-12.JPG','image/jpeg',2301253,'2014-01-15 01:49:26.225895',NULL,NULL,NULL,NULL);
INSERT INTO "pins" VALUES(31,'cool','2014-01-15 01:49:28.394979','2014-01-15 01:49:28.394979',4,'photo-19.JPG','image/jpeg',102273,'2014-01-15 01:49:28.134203',NULL,NULL,NULL,NULL);
INSERT INTO "pins" VALUES(32,'awesome','2014-01-15 01:49:29.227625','2014-01-15 01:49:29.227625',4,'photo-18.JPG','image/jpeg',740562,'2014-01-15 01:49:28.432643',NULL,NULL,NULL,NULL);
INSERT INTO "pins" VALUES(33,'incredible','2014-01-15 01:49:29.885243','2014-01-15 01:49:29.885243',4,'photo-11.JPG','image/jpeg',675840,'2014-01-15 01:49:29.292987',NULL,NULL,NULL,NULL);
INSERT INTO "pins" VALUES(34,'wow','2014-01-15 01:49:30.264455','2014-01-15 01:49:30.264455',4,'photo-19.JPG','image/jpeg',102273,'2014-01-15 01:49:29.933400',NULL,NULL,NULL,NULL);
INSERT INTO "pins" VALUES(35,'adorbs','2014-01-15 01:49:32.319109','2014-01-15 01:49:32.319109',4,'photo-12.JPG','image/jpeg',2301253,'2014-01-15 01:49:30.303796',NULL,NULL,NULL,NULL);
INSERT INTO "pins" VALUES(36,'wow','2014-01-15 01:49:35.449663','2014-01-15 01:49:35.449663',4,'photo-15.JPG','image/jpeg',2391846,'2014-01-15 01:49:32.407684',NULL,NULL,NULL,NULL);
INSERT INTO "pins" VALUES(37,'crazy','2014-01-15 01:49:37.744397','2014-01-15 01:49:37.744397',4,'photo-15.JPG','image/jpeg',2391846,'2014-01-15 01:49:35.493000',NULL,NULL,NULL,NULL);
INSERT INTO "pins" VALUES(38,'cool','2014-01-15 01:49:38.580474','2014-01-15 01:49:38.580474',4,'photo-18.JPG','image/jpeg',740562,'2014-01-15 01:49:37.790482',NULL,NULL,NULL,NULL);
INSERT INTO "pins" VALUES(39,'adorbs','2014-01-15 01:49:39.249425','2014-01-15 01:49:39.249425',4,'photo-18.JPG','image/jpeg',740562,'2014-01-15 01:49:38.635657',NULL,NULL,NULL,NULL);
INSERT INTO "pins" VALUES(40,'awesome','2014-01-15 01:49:39.941518','2014-01-15 01:49:39.941518',4,'photo-18.JPG','image/jpeg',740562,'2014-01-15 01:49:39.299116',NULL,NULL,NULL,NULL);
INSERT INTO "pins" VALUES(41,'wow','2014-01-15 01:49:42.228439','2014-01-15 01:49:42.228439',5,'photo-12.JPG','image/jpeg',2301253,'2014-01-15 01:49:39.986398',NULL,NULL,NULL,NULL);
INSERT INTO "pins" VALUES(42,'awesome','2014-01-15 01:49:44.547795','2014-01-15 01:49:44.547795',5,'photo-13.JPG','image/jpeg',2179990,'2014-01-15 01:49:42.273911',NULL,NULL,NULL,NULL);
INSERT INTO "pins" VALUES(43,'incredible','2014-01-15 01:49:46.931980','2014-01-15 01:49:46.931980',5,'photo-12.JPG','image/jpeg',2301253,'2014-01-15 01:49:44.599843',NULL,NULL,NULL,NULL);
INSERT INTO "pins" VALUES(44,'wow','2014-01-15 01:49:48.754708','2014-01-15 01:49:48.754708',5,'photo-17.JPG','image/jpeg',1871165,'2014-01-15 01:49:46.998228',NULL,NULL,NULL,NULL);
INSERT INTO "pins" VALUES(45,'crazy','2014-01-15 01:49:50.948000','2014-01-15 01:49:50.948000',5,'photo-13.JPG','image/jpeg',2179990,'2014-01-15 01:49:48.791333',NULL,NULL,NULL,NULL);
INSERT INTO "pins" VALUES(46,'adorbs','2014-01-15 01:49:53.171101','2014-01-15 01:49:53.171101',5,'photo-16.JPG','image/jpeg',1455794,'2014-01-15 01:49:51.009133',NULL,NULL,NULL,NULL);
INSERT INTO "pins" VALUES(47,'cool','2014-01-15 01:49:53.839680','2014-01-15 01:49:53.839680',5,'photo-18.JPG','image/jpeg',740562,'2014-01-15 01:49:53.205350',NULL,NULL,NULL,NULL);
INSERT INTO "pins" VALUES(48,'adorbs','2014-01-15 01:49:54.692235','2014-01-15 01:49:54.692235',5,'photo-18.JPG','image/jpeg',740562,'2014-01-15 01:49:54.104559',NULL,NULL,NULL,NULL);
INSERT INTO "pins" VALUES(49,'incredible','2014-01-15 01:49:54.981037','2014-01-15 01:49:54.981037',5,'photo-20.JPG','image/jpeg',91018,'2014-01-15 01:49:54.728577',NULL,NULL,NULL,NULL);
INSERT INTO "pins" VALUES(50,'incredible','2014-01-15 01:49:56.710099','2014-01-15 01:49:56.710099',5,'photo-16.JPG','image/jpeg',1455794,'2014-01-15 01:49:55.032811',NULL,NULL,NULL,NULL);
INSERT INTO "pins" VALUES(51,'adorbs','2014-01-15 01:49:56.992724','2014-01-15 01:49:56.992724',6,'photo-20.JPG','image/jpeg',91018,'2014-01-15 01:49:56.754649',NULL,NULL,NULL,NULL);
INSERT INTO "pins" VALUES(52,'awesome','2014-01-15 01:49:59.123249','2014-01-15 01:49:59.123249',6,'photo-14.JPG','image/jpeg',2371327,'2014-01-15 01:49:57.048109',NULL,NULL,NULL,NULL);
INSERT INTO "pins" VALUES(53,'adorbs','2014-01-15 01:50:01.793366','2014-01-15 01:50:01.793366',6,'photo-15.JPG','image/jpeg',2391846,'2014-01-15 01:49:59.310966',NULL,NULL,NULL,NULL);
INSERT INTO "pins" VALUES(54,'adorbs','2014-01-15 01:50:02.800297','2014-01-15 01:50:02.800297',6,'photo-18.JPG','image/jpeg',740562,'2014-01-15 01:50:01.829298',NULL,NULL,NULL,NULL);
INSERT INTO "pins" VALUES(55,'incredible','2014-01-15 01:50:04.686940','2014-01-15 01:50:04.686940',6,'photo-17.JPG','image/jpeg',1871165,'2014-01-15 01:50:02.872004',NULL,NULL,NULL,NULL);
INSERT INTO "pins" VALUES(56,'wow','2014-01-15 01:50:07.641421','2014-01-15 01:50:07.641421',6,'photo-14.JPG','image/jpeg',2371327,'2014-01-15 01:50:04.728793',NULL,NULL,NULL,NULL);
INSERT INTO "pins" VALUES(57,'wow','2014-01-15 01:50:10.058431','2014-01-15 01:50:10.058431',6,'photo-15.JPG','image/jpeg',2391846,'2014-01-15 01:50:07.714250',NULL,NULL,NULL,NULL);
INSERT INTO "pins" VALUES(58,'crazy','2014-01-15 01:50:11.835327','2014-01-15 01:50:11.835327',6,'photo-15.JPG','image/jpeg',2391846,'2014-01-15 01:50:10.101155',NULL,NULL,NULL,NULL);
INSERT INTO "pins" VALUES(59,'adorbs','2014-01-15 01:50:13.798920','2014-01-15 01:50:13.798920',6,'photo-15.JPG','image/jpeg',2391846,'2014-01-15 01:50:11.885580',NULL,NULL,NULL,NULL);
INSERT INTO "pins" VALUES(60,'wow','2014-01-15 01:50:15.664847','2014-01-15 01:50:15.664847',6,'photo-16.JPG','image/jpeg',1455794,'2014-01-15 01:50:13.894431',NULL,NULL,NULL,NULL);
INSERT INTO "pins" VALUES(61,'awesome','2014-01-15 01:50:16.378537','2014-01-15 01:50:16.378537',7,'photo-11.JPG','image/jpeg',675840,'2014-01-15 01:50:15.708436',NULL,NULL,NULL,NULL);
INSERT INTO "pins" VALUES(62,'crazy','2014-01-15 01:50:17.033364','2014-01-15 01:50:17.033364',7,'photo-18.JPG','image/jpeg',740562,'2014-01-15 01:50:16.419125',NULL,NULL,NULL,NULL);
INSERT INTO "pins" VALUES(63,'awesome','2014-01-15 01:50:17.454581','2014-01-15 01:50:17.454581',7,'photo-19.JPG','image/jpeg',102273,'2014-01-15 01:50:17.070211',NULL,NULL,NULL,NULL);
INSERT INTO "pins" VALUES(64,'wow','2014-01-15 01:50:19.203839','2014-01-15 01:50:19.203839',7,'photo-12.JPG','image/jpeg',2301253,'2014-01-15 01:50:17.499799',NULL,NULL,NULL,NULL);
INSERT INTO "pins" VALUES(65,'crazy','2014-01-15 01:50:20.883712','2014-01-15 01:50:20.883712',7,'photo-15.JPG','image/jpeg',2391846,'2014-01-15 01:50:19.238193',NULL,NULL,NULL,NULL);
INSERT INTO "pins" VALUES(66,'crazy','2014-01-15 01:50:22.688261','2014-01-15 01:50:22.688261',7,'photo-15.JPG','image/jpeg',2391846,'2014-01-15 01:50:20.931883',NULL,NULL,NULL,NULL);
INSERT INTO "pins" VALUES(67,'crazy','2014-01-15 01:50:24.446544','2014-01-15 01:50:24.446544',7,'photo-14.JPG','image/jpeg',2371327,'2014-01-15 01:50:22.729135',NULL,NULL,NULL,NULL);
INSERT INTO "pins" VALUES(68,'adorbs','2014-01-15 01:50:24.930223','2014-01-15 01:50:24.930223',7,'photo-19.JPG','image/jpeg',102273,'2014-01-15 01:50:24.627514',NULL,NULL,NULL,NULL);
INSERT INTO "pins" VALUES(69,'adorbs','2014-01-15 01:50:25.214069','2014-01-15 01:50:25.214069',7,'photo-20.JPG','image/jpeg',91018,'2014-01-15 01:50:24.965028',NULL,NULL,NULL,NULL);
INSERT INTO "pins" VALUES(70,'awesome','2014-01-15 01:50:25.788909','2014-01-15 01:50:25.788909',7,'photo-11.JPG','image/jpeg',675840,'2014-01-15 01:50:25.249870',NULL,NULL,NULL,NULL);
INSERT INTO "pins" VALUES(71,'adorbs','2014-01-15 01:50:26.378093','2014-01-15 01:50:26.378093',8,'photo-11.JPG','image/jpeg',675840,'2014-01-15 01:50:25.825410',NULL,NULL,NULL,NULL);
INSERT INTO "pins" VALUES(72,'wow','2014-01-15 01:50:28.439020','2014-01-15 01:50:28.439020',8,'photo-17.JPG','image/jpeg',1871165,'2014-01-15 01:50:26.428170',NULL,NULL,NULL,NULL);
INSERT INTO "pins" VALUES(73,'crazy','2014-01-15 01:50:30.985895','2014-01-15 01:50:30.985895',8,'photo-12.JPG','image/jpeg',2301253,'2014-01-15 01:50:28.590234',NULL,NULL,NULL,NULL);
INSERT INTO "pins" VALUES(74,'cool','2014-01-15 01:50:31.280694','2014-01-15 01:50:31.280694',8,'photo-20.JPG','image/jpeg',91018,'2014-01-15 01:50:31.025893',NULL,NULL,NULL,NULL);
INSERT INTO "pins" VALUES(75,'crazy','2014-01-15 01:50:33.118977','2014-01-15 01:50:33.118977',8,'photo-14.JPG','image/jpeg',2371327,'2014-01-15 01:50:31.321624',NULL,NULL,NULL,NULL);
INSERT INTO "pins" VALUES(76,'incredible','2014-01-15 01:50:35.824972','2014-01-15 01:50:35.824972',8,'photo-16.JPG','image/jpeg',1455794,'2014-01-15 01:50:33.164961',NULL,NULL,NULL,NULL);
INSERT INTO "pins" VALUES(77,'incredible','2014-01-15 01:50:38.176898','2014-01-15 01:50:38.176898',8,'photo-12.JPG','image/jpeg',2301253,'2014-01-15 01:50:35.906720',NULL,NULL,NULL,NULL);
INSERT INTO "pins" VALUES(78,'wow','2014-01-15 01:50:40.824862','2014-01-15 01:50:40.824862',8,'photo-16.JPG','image/jpeg',1455794,'2014-01-15 01:50:38.213179',NULL,NULL,NULL,NULL);
INSERT INTO "pins" VALUES(79,'wow','2014-01-15 01:50:42.862148','2014-01-15 01:50:42.862148',8,'photo-12.JPG','image/jpeg',2301253,'2014-01-15 01:50:40.893919',NULL,NULL,NULL,NULL);
INSERT INTO "pins" VALUES(80,'adorbs','2014-01-15 01:50:44.933532','2014-01-15 01:50:44.933532',8,'photo-16.JPG','image/jpeg',1455794,'2014-01-15 01:50:42.896121',NULL,NULL,NULL,NULL);
INSERT INTO "pins" VALUES(81,'incredible','2014-01-15 01:50:46.775927','2014-01-15 01:50:46.775927',9,'photo-17.JPG','image/jpeg',1871165,'2014-01-15 01:50:45.018785',NULL,NULL,NULL,NULL);
INSERT INTO "pins" VALUES(82,'incredible','2014-01-15 01:50:48.458934','2014-01-15 01:50:48.458934',9,'photo-12.JPG','image/jpeg',2301253,'2014-01-15 01:50:46.811862',NULL,NULL,NULL,NULL);
INSERT INTO "pins" VALUES(83,'wow','2014-01-15 01:50:50.234159','2014-01-15 01:50:50.234159',9,'photo-16.JPG','image/jpeg',1455794,'2014-01-15 01:50:48.500383',NULL,NULL,NULL,NULL);
INSERT INTO "pins" VALUES(84,'wow','2014-01-15 01:50:52.096860','2014-01-15 01:50:52.096860',9,'photo-16.JPG','image/jpeg',1455794,'2014-01-15 01:50:50.335539',NULL,NULL,NULL,NULL);
INSERT INTO "pins" VALUES(85,'awesome','2014-01-15 01:50:54.012814','2014-01-15 01:50:54.012814',9,'photo-12.JPG','image/jpeg',2301253,'2014-01-15 01:50:52.133843',NULL,NULL,NULL,NULL);
INSERT INTO "pins" VALUES(86,'adorbs','2014-01-15 01:50:55.825519','2014-01-15 01:50:55.825519',9,'photo-12.JPG','image/jpeg',2301253,'2014-01-15 01:50:54.099294',NULL,NULL,NULL,NULL);
INSERT INTO "pins" VALUES(87,'wow','2014-01-15 01:50:57.610804','2014-01-15 01:50:57.610804',9,'photo-13.JPG','image/jpeg',2179990,'2014-01-15 01:50:55.901175',NULL,NULL,NULL,NULL);
INSERT INTO "pins" VALUES(88,'wow','2014-01-15 01:50:57.878249','2014-01-15 01:50:57.878249',9,'photo-19.JPG','image/jpeg',102273,'2014-01-15 01:50:57.644004',NULL,NULL,NULL,NULL);
INSERT INTO "pins" VALUES(89,'incredible','2014-01-15 01:50:59.668269','2014-01-15 01:50:59.668269',9,'photo-13.JPG','image/jpeg',2179990,'2014-01-15 01:50:57.972166',NULL,NULL,NULL,NULL);
INSERT INTO "pins" VALUES(90,'crazy','2014-01-15 01:51:01.338990','2014-01-15 01:51:01.338990',9,'photo-13.JPG','image/jpeg',2179990,'2014-01-15 01:50:59.702881',NULL,NULL,NULL,NULL);
INSERT INTO "pins" VALUES(91,'adorbs','2014-01-15 01:51:02.993580','2014-01-15 01:51:02.993580',10,'photo-17.JPG','image/jpeg',1871165,'2014-01-15 01:51:01.404158',NULL,NULL,NULL,NULL);
INSERT INTO "pins" VALUES(92,'awesome','2014-01-15 01:51:04.794906','2014-01-15 01:51:04.794906',10,'photo-12.JPG','image/jpeg',2301253,'2014-01-15 01:51:03.044218',NULL,NULL,NULL,NULL);
INSERT INTO "pins" VALUES(93,'incredible','2014-01-15 01:51:05.469140','2014-01-15 01:51:05.469140',10,'photo-11.JPG','image/jpeg',675840,'2014-01-15 01:51:04.853028',NULL,NULL,NULL,NULL);
INSERT INTO "pins" VALUES(94,'crazy','2014-01-15 01:51:05.926313','2014-01-15 01:51:05.926313',10,'photo-20.JPG','image/jpeg',91018,'2014-01-15 01:51:05.546375',NULL,NULL,NULL,NULL);
INSERT INTO "pins" VALUES(95,'adorbs','2014-01-15 01:51:07.727461','2014-01-15 01:51:07.727461',10,'photo-16.JPG','image/jpeg',1455794,'2014-01-15 01:51:05.971817',NULL,NULL,NULL,NULL);
INSERT INTO "pins" VALUES(96,'awesome','2014-01-15 01:51:09.537381','2014-01-15 01:51:09.537381',10,'photo-17.JPG','image/jpeg',1871165,'2014-01-15 01:51:07.796071',NULL,NULL,NULL,NULL);
INSERT INTO "pins" VALUES(97,'adorbs','2014-01-15 01:51:11.469527','2014-01-15 01:51:11.469527',10,'photo-15.JPG','image/jpeg',2391846,'2014-01-15 01:51:09.611779',NULL,NULL,NULL,NULL);
INSERT INTO "pins" VALUES(98,'wow','2014-01-15 01:51:13.289206','2014-01-15 01:51:13.289206',10,'photo-15.JPG','image/jpeg',2391846,'2014-01-15 01:51:11.506985',NULL,NULL,NULL,NULL);
INSERT INTO "pins" VALUES(99,'crazy','2014-01-15 01:51:15.186927','2014-02-13 18:57:10.313494',10,'photo-16.JPG','image/jpeg',1455794,'2014-01-15 01:51:13.337541',NULL,19.95,16,NULL);
INSERT INTO "pins" VALUES(100,'crazy','2014-01-15 01:51:15.469646','2014-02-13 18:57:35.806620',10,'photo-20.JPG','image/jpeg',91018,'2014-01-15 01:51:15.224579',NULL,31.75,6,NULL);
INSERT INTO "pins" VALUES(101,'Our Wedding Cake','2014-01-15 01:52:21.350423','2014-02-07 21:35:13.159173',11,'998463_643012499042188_889271163_n.jpg','image/jpeg',72009,'2014-01-15 01:52:20.888411','',10.0001,NULL,NULL);
INSERT INTO "pins" VALUES(108,'Refurbish a six year old black laminate bookshelf to a bright orange "Moroccan Sun" color','2014-05-19 23:19:50.775260','2014-05-19 23:20:03.859901',11,'photo_5-2.JPG','image/jpeg',1855772,'2014-05-19 23:19:46.678987',NULL,6.95,4,'How to Paint Laminate Furniture');
INSERT INTO "pins" VALUES(109,'Turn a simple fork into a southern, rustic wedding accent piece.','2014-05-20 00:45:22.900552','2014-05-20 00:45:22.900552',11,'Grace_Nick-Details-0002_(1).jpg','image/jpeg',1450041,'2014-05-20 00:45:17.333962',NULL,1.95,2,'Fork Wedding Seating Card Holders');
INSERT INTO "pins" VALUES(110,'Fancy up your Wedding Table Numbers','2014-05-20 01:56:24.546048','2014-05-20 01:56:24.546048',11,'Grace_Nick-Details-0105.jpg','image/jpeg',776137,'2014-05-20 01:56:21.150383',NULL,1.5,1,'Table Number Label ');
INSERT INTO "pins" VALUES(111,'Wedding Invitations with Tiny Bow','2014-05-20 01:58:48.948999','2014-05-20 01:58:48.948999',11,'Grace_Nick-Details-0052.jpg','image/jpeg',1560324,'2014-05-20 01:58:45.634878',NULL,1.1,1,'Invitations Made by Hand');
INSERT INTO "pins" VALUES(112,'Look at this adorable toddler hat!! ','2014-06-23 23:20:03.975915','2014-06-23 23:20:03.975915',11,'photo-12.JPG','image/jpeg',2301253,'2014-06-23 23:20:00.011755',NULL,29.95,8,'Cabage Patch Kid Knit Hat');
CREATE TABLE "stores" ("id" SERIAL PRIMARY KEY NOT NULL, "name" text, "created_at" timestamp NOT NULL, "updated_at" timestamp NOT NULL, "store_image_file_name" text, "store_image_content_type" text, "store_image_file_size" integer, "store_image_updated_at" timestamp);
CREATE TABLE "store_admins" ("id" SERIAL PRIMARY KEY NOT NULL, "email" text DEFAULT '' NOT NULL, "encrypted_password" text DEFAULT '' NOT NULL, "reset_password_token" text, "reset_password_sent_at" timestamp, "remember_created_at" timestamp, "sign_in_count" integer DEFAULT 0, "current_sign_in_at" timestamp, "last_sign_in_at" timestamp, "current_sign_in_ip" text, "last_sign_in_ip" text, "created_at" timestamp NOT NULL, "updated_at" timestamp NOT NULL);
CREATE TABLE "groups" ("id" SERIAL PRIMARY KEY NOT NULL, "description" text, "created_at" timestamp NOT NULL, "updated_at" timestamp NOT NULL, "image_file_name" text, "image_content_type" text, "image_file_size" integer, "image_updated_at" timestamp);
CREATE TABLE "comments" ("id" SERIAL PRIMARY KEY NOT NULL, "commentable_id" integer DEFAULT 0, "commentable_type" text DEFAULT '', "title" text DEFAULT '', "body" text DEFAULT '', "subject" text DEFAULT '', "user_id" integer DEFAULT 0 NOT NULL, "parent_id" integer, "lft" integer, "rgt" integer, "created_at" timestamp NOT NULL, "updated_at" timestamp NOT NULL);
CREATE TABLE "steps" ("id" SERIAL PRIMARY KEY NOT NULL, "description" text, "created_at" timestamp NOT NULL, "updated_at" timestamp NOT NULL, "user_id" integer, "pin_id" integer, "step_title" text);
INSERT INTO "steps" VALUES(7,'Test Updating Function 3 This is very helpful and something I would like to Do!   I can''t believe I''m able to really generate this much text! ','2014-01-19 09:36:15.728920','2014-01-23 12:28:19.577824',11,101,NULL);
INSERT INTO "steps" VALUES(9,'test Step updating with new text in Rails 4','2014-01-19 13:49:33.063860','2014-01-26 22:01:42.347588',11,101,NULL);
INSERT INTO "steps" VALUES(11,'Try again... redirect','2014-01-20 23:16:20.102494','2014-01-23 03:24:53.686632',11,101,NULL);
INSERT INTO "steps" VALUES(22,'Test Test v4  Again, another edit. ','2014-01-23 03:41:28.633084','2014-01-26 22:01:55.811469',11,101,NULL);
INSERT INTO "steps" VALUES(27,'NEw Method','2014-01-23 04:02:53.896564','2014-01-23 04:02:53.896564',11,101,NULL);
INSERT INTO "steps" VALUES(50,'Just fooling around with this really cool hat!!! ','2014-02-10 02:46:32.977860','2014-02-10 02:46:32.977860',10,96,NULL);
INSERT INTO "steps" VALUES(51,'Get some Pink Yarn for Sure!!!! Make it go Viral! ','2014-02-10 02:46:46.684523','2014-02-10 02:46:46.684523',10,96,NULL);
INSERT INTO "steps" VALUES(52,'Step Testing Step Testing','2014-02-10 03:37:02.793007','2014-02-10 03:37:02.793007',10,100,NULL);
INSERT INTO "steps" VALUES(53,'Such a Cute Head Band!!!!!! ','2014-02-10 03:37:14.369848','2014-02-10 03:37:14.369848',10,100,NULL);
INSERT INTO "steps" VALUES(54,'Such a Cute Head Band!!!!!!!!!!!!!!!!!!!!!','2014-02-10 03:37:32.492251','2014-02-10 03:37:32.492251',10,100,NULL);
INSERT INTO "steps" VALUES(55,'This needs a few steps for us to switch between users more easily. ','2014-02-13 18:53:26.246775','2014-02-13 18:53:26.246775',10,99,NULL);
INSERT INTO "steps" VALUES(56,'really step 2 would be to add a few images but I''m wokring on it!! ','2014-02-13 18:53:43.057835','2014-02-13 18:53:43.057835',10,99,NULL);
INSERT INTO "steps" VALUES(57,'Step 3 seems to be in synch.... it''d be great if I can get these modals working.','2014-02-13 18:54:05.324481','2014-02-13 18:54:05.324481',10,99,NULL);
INSERT INTO "steps" VALUES(58,'Supply List - Sand Paper, Paint Brush, Paint, Damp Rag, Screwdriver, Floor Protection','2014-05-19 23:22:32.013381','2014-05-23 01:43:00.108088',11,108,'Great Heading!! ');
INSERT INTO "steps" VALUES(59,'Carefully remove any existing hardware.','2014-05-19 23:26:50.568015','2014-05-23 01:43:14.795611',11,108,'');
INSERT INTO "steps" VALUES(60,'Prep surface for paintings:  lightly sand surface of furniture.  I used 50 grit sanding block from Home Depot for $1.93.','2014-05-19 23:31:24.831598','2014-05-19 23:31:24.831598',11,108,NULL);
INSERT INTO "steps" VALUES(61,'Wipe clean with very lightly dampened rag.  Let dry for a few moments.  Re-sand and wipe clean again.  Roughening up the smooth laminate surface will ensure your paint sticks!','2014-05-19 23:33:26.733117','2014-05-19 23:33:26.733117',11,108,NULL);
INSERT INTO "steps" VALUES(62,'Apply first coat of paint using an interior/exterior paint and primer in one with a flat finish and let dry using manufacturers directed drying time.  Use light brush strokes so that you avoid thicker paint in areas.  I used a 1 1/2" brush since my shelf is small, you can use a larger or small brush size depending on your surface area.  The brush shown cost $3.45 at Home Depot.','2014-05-19 23:37:04.802583','2014-05-19 23:44:30.705608',11,108,NULL);
INSERT INTO "steps" VALUES(63,'Apply the second coat of paint and let dry according to manufacturers directions.  I let dry for two hours.','2014-05-19 23:41:59.927212','2014-05-19 23:41:59.927212',11,108,NULL);
INSERT INTO "steps" VALUES(64,'Reinstall hardware or add your own new and exciting hardware from Cost Plus World Market!  And YOU''RE DONE!  CONGRATULATIONS!  Send me pictures of your new and improved laminated furniture!  Thanks y''all!','2014-05-19 23:47:44.781872','2014-05-19 23:47:44.781872',11,108,NULL);
INSERT INTO "steps" VALUES(65,'Gather Forks and Clamps necessary to bend Forks!','2014-05-20 00:45:52.044882','2014-05-21 23:05:33.898130',11,109,'Acquire Supplies');
INSERT INTO "steps" VALUES(66,'Bend the Forks just below the neck and then again about midway on the stem.  Fork should have about 2 inches of flat surface to lay flat! ','2014-05-20 00:46:30.508135','2014-05-21 23:09:57.787986',11,109,'Put in the Elbow Grease! ');
INSERT INTO "steps" VALUES(67,'With plyers, round the edge of the outside fork prong to give it a rustic look. ','2014-05-20 00:47:08.151018','2014-05-21 23:10:19.734696',11,109,'Intricate Bending');
INSERT INTO "steps" VALUES(68,'Purchase Card Stock and Cutting Tools','2014-05-20 01:56:44.081532','2014-05-24 12:58:41.599653',11,110,'New Title here too! ');
INSERT INTO "steps" VALUES(69,'Just another Test Step to Demo View Sizing','2014-05-20 01:59:10.472805','2014-05-24 12:52:11.365354',11,111,'This is the titel!');
INSERT INTO "steps" VALUES(70,'Enjoy this shit cause it was tough','2014-05-21 23:47:32.951571','2014-05-21 23:47:32.951571',11,109,'Fucking Celebrate!');
INSERT INTO "steps" VALUES(71,'this is fun!!','2014-05-25 23:45:29.117082','2014-05-25 23:45:29.117082',11,111,'New Step');
INSERT INTO "steps" VALUES(72,'Use the stencil to create labels.','2014-05-31 19:04:39.092448','2014-05-31 19:04:39.092448',11,110,'Purchase Number Stencils');
CREATE TABLE "step_images" ("id" SERIAL PRIMARY KEY NOT NULL, "created_at" timestamp, "updated_at" timestamp, "step_id" integer, "user_id" integer, "image_file_name" text, "image_content_type" text, "image_file_size" integer, "image_updated_at" timestamp, "description" text, "pin_id" integer);
INSERT INTO "step_images" VALUES(16,'2014-02-13 18:54:48.627104','2014-02-13 18:54:48.627104',55,10,'IMG_1277.JPG','image/jpeg',1287927,'2014-02-13 18:54:46.568858','A few european cars',99);
INSERT INTO "step_images" VALUES(17,'2014-02-13 18:55:16.077785','2014-02-13 18:55:16.077785',55,10,'IMG_1268.JPG','image/jpeg',1901043,'2014-02-13 18:55:13.941169','And the nice city of NormandY! ',99);
INSERT INTO "step_images" VALUES(18,'2014-02-13 18:58:01.935791','2014-02-13 18:58:01.935791',52,10,'IMG_1289.jpg','image/jpeg',3419729,'2014-02-13 18:57:59.529230','Woah!!! Look at the Grass in Europe! ',100);
INSERT INTO "step_images" VALUES(19,'2014-02-13 18:58:21.720982','2014-02-13 18:58:21.720982',52,10,'IMG_1279.JPG','image/jpeg',1618123,'2014-02-13 18:58:19.619048','Another Photo of Arlington',100);
INSERT INTO "step_images" VALUES(20,'2014-05-19 23:23:34.510432','2014-05-19 23:23:34.510432',58,11,'photo_2-4.JPG','image/jpeg',2030186,'2014-05-19 23:23:31.032928','Supply List',108);
INSERT INTO "step_images" VALUES(21,'2014-05-19 23:30:19.769189','2014-05-19 23:30:19.769189',NULL,11,NULL,NULL,NULL,NULL,'Removing hardware.',NULL);
INSERT INTO "step_images" VALUES(22,'2014-05-19 23:30:45.183929','2014-05-19 23:30:45.183929',NULL,11,'photo_4-3.JPG','image/jpeg',1388007,'2014-05-19 23:30:42.459449','Removing hardware.',NULL);
INSERT INTO "step_images" VALUES(23,'2014-05-19 23:31:14.612427','2014-05-19 23:31:14.612427',59,11,'photo_4-3.JPG','image/jpeg',1388007,'2014-05-19 23:31:12.009313','Remove hardware.',108);
INSERT INTO "step_images" VALUES(24,'2014-05-19 23:31:59.400067','2014-05-19 23:31:59.400067',60,11,'photo_4-4.JPG','image/jpeg',1549051,'2014-05-19 23:31:55.665720','Sanding surface.',108);
INSERT INTO "step_images" VALUES(25,'2014-05-19 23:38:04.697519','2014-05-19 23:38:04.697519',62,11,'photo_3-6.JPG','image/jpeg',1918817,'2014-05-19 23:38:01.639807','First coat of paint applied.',108);
INSERT INTO "step_images" VALUES(26,'2014-05-19 23:38:47.884204','2014-05-19 23:38:47.884204',62,11,'photo_3-5.JPG','image/jpeg',2418760,'2014-05-19 23:38:44.416872','Economy 1 1/2" paint brush from Home Depot.  $3.45',108);
INSERT INTO "step_images" VALUES(27,'2014-05-21 23:48:07.993635','2014-05-21 23:48:07.993635',65,11,'Grace_Nick-Details-0009.jpg','image/jpeg',1053525,'2014-05-21 23:48:04.754735','Why not show the forks again.',109);
CREATE TABLE "pin_images" ("id" SERIAL PRIMARY KEY NOT NULL, "description" text, "created_at" timestamp, "updated_at" timestamp, "pin_id" integer, "user_id" integer, "image_file_name" text, "image_content_type" text, "image_file_size" integer, "image_updated_at" timestamp);
INSERT INTO "pin_images" VALUES(19,'Those Damn Currahees!! ','2014-02-10 02:47:52.239740','2014-02-10 02:47:52.239740',96,10,'IMG_1357.jpg','image/jpeg',1672534,'2014-02-10 02:47:50.057144');
INSERT INTO "pin_images" VALUES(20,'Test Test Test','2014-02-10 03:34:28.974150','2014-02-10 03:34:28.974150',100,10,'IMG_1413.jpg','image/jpeg',1654371,'2014-02-10 03:34:26.692498');
INSERT INTO "pin_images" VALUES(21,'Test Test TEst Test Test ','2014-02-10 03:34:55.432448','2014-02-10 03:34:55.432448',100,10,'IMG_1288.JPG','image/jpeg',1878394,'2014-02-10 03:34:53.196659');
INSERT INTO "pin_images" VALUES(23,'Great photo here!!','2014-02-13 18:54:25.620076','2014-02-13 18:54:25.620076',99,10,'IMG_1269.JPG','image/jpeg',1653582,'2014-02-13 18:54:23.323114');
INSERT INTO "pin_images" VALUES(24,'Behr Premium Plus Interior paint & primer in one in color Morracan Sun.','2014-05-19 23:49:18.110957','2014-05-19 23:49:18.110957',108,11,'photo_1-6.JPG','image/jpeg',1843899,'2014-05-19 23:49:14.615204');
INSERT INTO "pin_images" VALUES(25,'A great shot of them!! ','2014-05-20 00:47:37.350311','2014-05-20 00:47:37.350311',109,11,'Grace_Nick-Details-0009.jpg','image/jpeg',1053525,'2014-05-20 00:47:31.750749');
DELETE FROM sqlite_sequence;
INSERT INTO "sqlite_sequence" VALUES('users',15);
INSERT INTO "sqlite_sequence" VALUES('pins',112);
INSERT INTO "sqlite_sequence" VALUES('steps',72);
INSERT INTO "sqlite_sequence" VALUES('pin_images',25);
INSERT INTO "sqlite_sequence" VALUES('step_images',27);
CREATE UNIQUE INDEX "unique_schema_migrations" ON "schema_migrations" ("version");
CREATE UNIQUE INDEX "index_users_on_email" ON "users" ("email");
CREATE UNIQUE INDEX "index_users_on_reset_password_token" ON "users" ("reset_password_token");
CREATE INDEX "index_pins_on_user_id" ON "pins" ("user_id");
CREATE UNIQUE INDEX "index_store_admins_on_email" ON "store_admins" ("email");
CREATE UNIQUE INDEX "index_store_admins_on_reset_password_token" ON "store_admins" ("reset_password_token");
CREATE INDEX "index_comments_on_user_id" ON "comments" ("user_id");
CREATE INDEX "index_comments_on_commentable_id_and_commentable_type" ON "comments" ("commentable_id", "commentable_type");
CREATE INDEX "index_steps_on_user_id" ON "steps" ("user_id");
CREATE INDEX "index_steps_on_pin_id" ON "steps" ("pin_id");
CREATE INDEX "index_pin_images_on_pin_id" ON "pin_images" ("pin_id");
CREATE INDEX "index_step_images_on_step_id" ON "step_images" ("step_id");
CREATE INDEX "index_pin_images_on_user_id" ON "pin_images" ("user_id");
CREATE INDEX "index_step_images_on_user_id" ON "step_images" ("user_id");
COMMIT;
